Filename;BookIndex;Code
1;1;163101661
2;2;163101662
3;3;163101660
4;4;163103885
5;5;163103887
6;6;163103888
7;7;163103889
8;8;163103892
9;9;163464881
10;10;163464878
11;11;163464880
12;12;163467388
13;13;163467389
14;14;163467391
15;15;163467386
16;16;163471597
17;17;163471598
18;18;163471602
19;19;163471603
20;20;163471606
21;21;163471611
22;22;163471614
23;23;163471615
24;24;163471616
25;25;163471596
26;26;163471835
27;27;163471837
28;28;163471842
29;29;163471746
30;30;163471750
31;31;163471753
32;32;163471754
33;33;163471760
34;34;163471766
35;35;163471769
36;36;163471770
37;37;163471767
38;38;163471771
39;39;163471772
40;40;163471773
41;41;163471775
42neu;42;163471777
42;43;163471783
43;44;163471791
44;45;163471808
45;46;163471814
46;47;163471795
47;48;163471815
48;49;163471823
